{
  "boat_manufacturer": {
    "precision": 1.0,
    "recall": 1.0,
    "f1-score": 1.0,
    "support": 4
  },
  "boat_part": {
    "precision": 0.7857142857142857,
    "recall": 1.0,
    "f1-score": 0.88,
    "support": 11
  },
  "micro avg": {
    "precision": 0.8333333333333334,
    "recall": 1.0,
    "f1-score": 0.9090909090909091,
    "support": 15
  },
  "macro avg": {
    "precision": 0.8928571428571428,
    "recall": 1.0,
    "f1-score": 0.94,
    "support": 15
  },
  "weighted avg": {
    "precision": 0.8428571428571429,
    "recall": 1.0,
    "f1-score": 0.912,
    "support": 15
  }
}