{
  "boat part": {
    "precision": 0.0,
    "recall": 0.0,
    "f1-score": 0.0,
    "support": 1
  },
  "location": {
    "precision": 1.0,
    "recall": 1.0,
    "f1-score": 1.0,
    "support": 2
  },
  "boat_part": {
    "precision": 0.8888888888888888,
    "recall": 1.0,
    "f1-score": 0.9411764705882353,
    "support": 8
  },
  "boat_manufacturer": {
    "precision": 1.0,
    "recall": 1.0,
    "f1-score": 1.0,
    "support": 2
  },
  "micro avg": {
    "precision": 0.9230769230769231,
    "recall": 0.9230769230769231,
    "f1-score": 0.9230769230769231,
    "support": 13
  },
  "macro avg": {
    "precision": 0.7222222222222222,
    "recall": 0.75,
    "f1-score": 0.7352941176470589,
    "support": 13
  },
  "weighted avg": {
    "precision": 0.8547008547008547,
    "recall": 0.9230769230769231,
    "f1-score": 0.8868778280542986,
    "support": 13
  }
}